date,currency_code,name,local_price,dollar_ex
2000-04-01,ARS,Argentina,2.5,1.0
2000-04-01,AUD,Australia,2.59,1.68
2000-04-01,BRL,Brazil,2.95,1.79
2000-04-01,CAD,Canada,2.85,1.47
2000-04-01,CHF,Switzerland,5.9,1.7
2000-04-01,CLP,Chile,1260.0,514.0
2000-04-01,CNY,China,9.9,8.28
2000-04-01,CZK,Czech Republic,54.37,39.1
2000-04-01,DKK,Denmark,24.75,8.04
2000-04-01,EUR,Euro area,2.56,1.075268817
2000-04-01,GBP,Britain,1.9,0.632911392
2000-04-01,HKD,Hong Kong,10.2,7.79
2000-04-01,HUF,Hungary,339.0,279.0
2000-04-01,IDR,Indonesia,14500.0,7945.0
2000-04-01,ILS,Israel,14.5,4.05
2000-04-01,JPY,Japan,294.0,106.0
2000-04-01,KRW,South Korea,3000.0,1108.0
2000-04-01,MXN,Mexico,20.9,9.41
2000-04-01,MYR,Malaysia,4.52,3.8
2000-04-01,NZD,New Zealand,3.4,2.01
2000-04-01,PLN,Poland,5.5,4.3
2000-04-01,RUB,Russia,39.5,28.5
2000-04-01,SGD,Singapore,3.2,1.7
2000-04-01,SEK,Sweden,24.0,8.84
2000-04-01,THB,Thailand,55.0,38.0
2000-04-01,TWD,Taiwan,70.0,30.6
2000-04-01,USD,United States,2.51,1.0
2000-04-01,ZAR,South Africa,9.0,6.72
2001-04-01,ARS,Argentina,2.5,1.0
2001-04-01,AUD,Australia,3.0,1.98
2001-04-01,BRL,Brazil,3.6,2.19
2001-04-01,CAD,Canada,3.33,1.56
2001-04-01,CHF,Switzerland,6.3,1.73
2001-04-01,CLP,Chile,1260.0,601.0
2001-04-01,CNY,China,9.9,8.28
2001-04-01,CZK,Czech Republic,56.0,39.0
2001-04-01,DKK,Denmark,24.75,8.46
2001-04-01,EUR,Euro area,2.57,1.136363636
2001-04-01,GBP,Britain,1.99,0.699300699
2001-04-01,HKD,Hong Kong,10.7,7.8
2001-04-01,HUF,Hungary,399.0,303.0
2001-04-01,IDR,Indonesia,14700.0,10855.0
2001-04-01,JPY,Japan,294.0,124.0
2001-04-01,KRW,South Korea,3000.0,1325.0
2001-04-01,MXN,Mexico,21.9,9.29
2001-04-01,MYR,Malaysia,4.52,3.8
2001-04-01,NZD,New Zealand,3.6,2.47
2001-04-01,PHP,Philippines,59.0,50.3
2001-04-01,PLN,Poland,5.9,4.03
2001-04-01,RUB,Russia,35.0,28.9
2001-04-01,SGD,Singapore,3.3,1.81
2001-04-01,SEK,Sweden,24.0,10.28
2001-04-01,THB,Thailand,55.0,45.5
2001-04-01,TWD,Taiwan,70.0,32.9
2001-04-01,USD,United States,2.54,1.0
2001-04-01,ZAR,South Africa,9.7,8.13
2002-04-01,ARS,Argentina,2.5,3.13
2002-04-01,AUD,Australia,3.0,1.86
2002-04-01,BRL,Brazil,3.6,2.34
2002-04-01,CAD,Canada,3.33,1.57
2002-04-01,CHF,Switzerland,6.3,1.66
2002-04-01,CLP,Chile,1400.0,655.0
2002-04-01,CNY,China,10.5,8.28
2002-04-01,CZK,Czech Republic,56.28,34.0
2002-04-01,DKK,Denmark,24.75,8.38
2002-04-01,EUR,Euro area,2.67,1.123595506
2002-04-01,GBP,Britain,1.99,0.689655172
2002-04-01,HKD,Hong Kong,11.2,8.0
2002-04-01,HUF,Hungary,459.0,272.0
2002-04-01,IDR,Indonesia,16000.0,9430.0
2002-04-01,ILS,Israel,12.0,4.79
2002-04-01,JPY,Japan,262.0,130.0
2002-04-01,KRW,South Korea,3100.0,1304.0
2002-04-01,MXN,Mexico,21.9,9.28
2002-04-01,MYR,Malaysia,5.04,3.8
2002-04-01,NOK,Norway,35.0,8.56
2002-04-01,NZD,New Zealand,3.6,2.24
2002-04-01,PEN,Peru,8.5,3.43
2002-04-01,PHP,Philippines,65.0,51.0
2002-04-01,PLN,Poland,5.9,4.04
2002-04-01,RUB,Russia,39.0,31.2
2002-04-01,SGD,Singapore,3.3,1.82
2002-04-01,SEK,Sweden,26.0,10.4
2002-04-01,THB,Thailand,55.0,43.3
2002-04-01,TRY,Turkey,4000000.0,1324500.0
2002-04-01,TWD,Taiwan,70.0,34.8
2002-04-01,USD,United States,2.49,1.0
2002-04-01,ZAR,South Africa,9.7,10.9
2003-04-01,ARS,Argentina,4.1,2.88
2003-04-01,AUD,Australia,3.0,1.61
2003-04-01,BRL,Brazil,4.55,3.07
2003-04-01,CAD,Canada,3.2,1.45
2003-04-01,CHF,Switzerland,6.3,1.37
2003-04-01,CLP,Chile,1400.0,716.0
2003-04-01,CNY,China,9.9,8.28
2003-04-01,CZK,Czech Republic,56.57,28.9
2003-04-01,DKK,Denmark,27.75,6.78
2003-04-01,EGP,Egypt,8.0,5.92
2003-04-01,EUR,Euro area,2.71,0.9090909090000001
2003-04-01,GBP,Britain,1.99,0.632911392
2003-04-01,HKD,Hong Kong,11.5,7.8
2003-04-01,HUF,Hungary,490.0,224.0
2003-04-01,IDR,Indonesia,16100.0,8740.0
2003-04-01,JPY,Japan,262.0,120.0
2003-04-01,KRW,South Korea,3300.0,1220.0
2003-04-01,MXN,Mexico,23.0,10.53
2003-04-01,MYR,Malaysia,5.04,3.8
2003-04-01,NZD,New Zealand,3.95,1.78
2003-04-01,PEN,Peru,7.9,3.46
2003-04-01,PHP,Philippines,65.0,52.5
2003-04-01,PLN,Poland,6.3,3.89
2003-04-01,RUB,Russia,41.0,31.1
2003-04-01,SGD,Singapore,3.3,1.78
2003-04-01,SEK,Sweden,30.0,8.34
2003-04-01,THB,Thailand,59.0,42.7
2003-04-01,TRY,Turkey,3750000.0,1600500.0
2003-04-01,TWD,Taiwan,70.0,34.8
2003-04-01,USD,United States,2.71,1.0
2003-04-01,ZAR,South Africa,13.95,7.56
2004-05-01,ARS,Argentina,4.36,2.95
2004-05-01,AUD,Australia,3.25,1.43
2004-05-01,BRL,Brazil,5.4,3.18
2004-05-01,CAD,Canada,3.19,1.37
2004-05-01,CHF,Switzerland,6.3,1.29
2004-05-01,CLP,Chile,1400.0,641.0
2004-05-01,CNY,China,10.4,8.28
2004-05-01,COP,Colombia,6500.0,2769.83
2004-05-01,CRC,Costa Rica,1130.0,433.55
2004-05-01,CZK,Czech Republic,56.42,26.5
2004-05-01,DKK,Denmark,27.75,6.22
2004-05-01,EGP,Egypt,10.0,6.19
2004-05-01,EUR,Euro area,2.74,0.833333333
2004-05-01,GBP,Britain,1.88,0.558659218
2004-05-01,HKD,Hong Kong,12.0,7.79
2004-05-01,HUF,Hungary,530.0,211.0
2004-05-01,IDR,Indonesia,16100.0,9120.0
2004-05-01,JPY,Japan,262.0,113.0
2004-05-01,KRW,South Korea,3200.0,1177.0
2004-05-01,LKR,Sri Lanka,140.0,99.0
2004-05-01,MXN,Mexico,24.0,11.6
2004-05-01,MYR,Malaysia,5.04,3.8
2004-05-01,NOK,Norway,35.5,6.8491
2004-05-01,NZD,New Zealand,4.35,1.64
2004-05-01,PKR,Pakistan,110.0,57.76
2004-05-01,PEN,Peru,8.99,3.49
2004-05-01,PHP,Philippines,69.0,55.9
2004-05-01,PLN,Poland,6.3,3.87
2004-05-01,RUB,Russia,42.0,29.0
2004-05-01,SAR,Saudi Arabia,2.4,3.7502
2004-05-01,SGD,Singapore,3.3,1.71
2004-05-01,SEK,Sweden,30.0,7.61
2004-05-01,THB,Thailand,59.0,40.8
2004-05-01,TRY,Turkey,3950000.0,1531000.0
2004-05-01,TWD,Taiwan,75.0,33.4
2004-05-01,UAH,Ukraine,7.25,5.3315
2004-05-01,UYU,Uruguay,29.8,29.735
2004-05-01,USD,United States,2.9,1.0
2004-05-01,ZAR,South Africa,12.4,6.66
2005-06-01,AED,UAE,9.0,3.6725
2005-06-01,ARS,Argentina,4.75,2.897
2005-06-01,AUD,Australia,3.25,1.3015
2005-06-01,BRL,Brazil,5.9,2.4648
2005-06-01,CAD,Canada,3.28,1.2494
2005-06-01,CHF,Switzerland,6.3,1.2475
2005-06-01,CLP,Chile,1500.0,592.45
2005-06-01,CNY,China,10.5,8.2764
2005-06-01,COP,Colombia,6500.0,2327.7
2005-06-01,CRC,Costa Rica,1130.0,475.3
2005-06-01,CZK,Czech Republic,56.42,24.5409
2005-06-01,DKK,Denmark,27.75,6.0647
2005-06-01,EGP,Egypt,9.0,5.8
2005-06-01,EUR,Euro area,2.92,0.814929509
2005-06-01,GBP,Britain,1.88,0.546448087
2005-06-01,HKD,Hong Kong,12.0,7.7807
2005-06-01,HUF,Hungary,530.0,203.643
2005-06-01,IDR,Indonesia,14600.0,9545.0
2005-06-01,JPY,Japan,250.0,106.715
2005-06-01,KRW,South Korea,2500.0,1005.5
2005-06-01,LKR,Sri Lanka,175.0,99.945
2005-06-01,MXN,Mexico,28.0,10.8675
2005-06-01,MYR,Malaysia,5.25,3.8
2005-06-01,NOK,Norway,39.0,6.4326
2005-06-01,NZD,New Zealand,4.45,1.4023
2005-06-01,PKR,Pakistan,130.0,59.62
2005-06-01,PEN,Peru,8.99,3.2546
2005-06-01,PHP,Philippines,80.0,54.55
2005-06-01,PLN,Poland,6.5,3.3096
2005-06-01,RUB,Russia,42.0,28.4055
2005-06-01,SAR,Saudi Arabia,9.0,3.7501
2005-06-01,SGD,Singapore,3.6,1.6607
2005-06-01,SEK,Sweden,31.0,7.4402
2005-06-01,THB,Thailand,60.0,40.53
2005-06-01,TRY,Turkey,4.0,1.369
2005-06-01,TWD,Taiwan,75.0,31.175
2005-06-01,UAH,Ukraine,7.25,5.06
2005-06-01,UYU,Uruguay,44.0,24.125
2005-06-01,USD,United States,3.06,1.0
2005-06-01,ZAR,South Africa,13.95,6.6482
2006-01-01,ARS,Argentina,4.75,3.0638
2006-01-01,AUD,Australia,3.25,1.3308
2006-01-01,BRL,Brazil,6.2,2.2615
2006-01-01,CAD,Canada,3.52,1.1704
2006-01-01,CHF,Switzerland,6.3,1.2776
2006-01-01,CLP,Chile,1560.0,522.75
2006-01-01,CNY,China,10.5,8.0641
2006-01-01,CZK,Czech Republic,62.0,23.8375
2006-01-01,DKK,Denmark,27.75,6.1769
2006-01-01,EGP,Egypt,9.25,5.74
2006-01-01,EUR,Euro area,2.91,0.82815735
2006-01-01,GBP,Britain,1.88,0.566925563
2006-01-01,HKD,Hong Kong,12.0,7.7512
2006-01-01,HUF,Hungary,560.0,206.956
2006-01-01,IDR,Indonesia,14600.0,9460.0
2006-01-01,JPY,Japan,250.0,114.305
2006-01-01,KRW,South Korea,2500.0,977.45
2006-01-01,MXN,Mexico,28.0,10.5425
2006-01-01,MYR,Malaysia,5.5,3.7488
2006-01-01,NZD,New Zealand,4.45,1.4467
2006-01-01,PEN,Peru,9.5,3.446
2006-01-01,PHP,Philippines,82.0,52.58
2006-01-01,PLN,Poland,6.5,3.1151
2006-01-01,RUB,Russia,46.0,28.67
2006-01-01,SGD,Singapore,3.6,1.6353
2006-01-01,SEK,Sweden,33.0,7.7119
2006-01-01,THB,Thailand,60.0,39.755
2006-01-01,TRY,Turkey,4.1,1.3365
2006-01-01,TWD,Taiwan,75.0,31.9495
2006-01-01,USD,United States,3.15,1.0
2006-01-01,ZAR,South Africa,13.95,6.0803
2006-05-01,AED,UAE,9.0,3.6726
2006-05-01,ARS,Argentina,7.0,3.0565
2006-05-01,AUD,Australia,3.25,1.33253
2006-05-01,BRL,Brazil,6.4,2.3045
2006-05-01,CAD,Canada,3.52,1.12045
2006-05-01,CHF,Switzerland,6.3,1.20885
2006-05-01,CLP,Chile,1560.0,529.95
2006-05-01,CNY,China,10.5,8.026
2006-05-01,COP,Colombia,6500.0,2503.6
2006-05-01,CRC,Costa Rica,1130.0,509.535
2006-05-01,CZK,Czech Republic,59.05,22.1078
2006-05-01,DKK,Denmark,27.75,5.81825
2006-05-01,EGP,Egypt,9.5,5.77075
2006-05-01,EUR,Euro area,2.9395735289999996,0.780365992
2006-05-01,GBP,Britain,1.94,0.531801744
2006-05-01,HKD,Hong Kong,12.0,7.7533
2006-05-01,HUF,Hungary,560.0,206.3444
2006-05-01,IDR,Indonesia,14600.0,9325.0
2006-05-01,JPY,Japan,250.0,112.105
2006-05-01,KRW,South Korea,2500.0,952.4
2006-05-01,LKR,Sri Lanka,190.0,102.955
2006-05-01,MXN,Mexico,29.0,11.3031
2006-05-01,MYR,Malaysia,5.5,3.6295
2006-05-01,NOK,Norway,43.0,6.1023
2006-05-01,NZD,New Zealand,4.45,1.62101
2006-05-01,PKR,Pakistan,130.0,60.055
2006-05-01,PEN,Peru,9.5,3.261
2006-05-01,PHP,Philippines,85.0,52.625
2006-05-01,PLN,Poland,6.5,3.09915
2006-05-01,RUB,Russia,48.0,27.06375
2006-05-01,SAR,Saudi Arabia,9.0,3.7489999999999997
2006-05-01,SGD,Singapore,3.6,1.5873
2006-05-01,SEK,Sweden,33.0,7.28455
2006-05-01,THB,Thailand,60.0,38.445
2006-05-01,TRY,Turkey,4.2,1.5415
2006-05-01,TWD,Taiwan,75.0,32.141
2006-05-01,UAH,Ukraine,8.5,5.05
2006-05-01,UYU,Uruguay,42.28,23.925
2006-05-01,USD,United States,3.1,1.0
2006-05-01,ZAR,South Africa,13.95,6.597
2007-01-01,AED,UAE,10.0,3.6726
2007-01-01,ARS,Argentina,8.25,3.08875
2007-01-01,AUD,Australia,3.45,1.266865
2007-01-01,BRL,Brazil,6.4,2.1335
2007-01-01,CAD,Canada,3.63,1.17485
2007-01-01,CHF,Switzerland,6.3,1.2485
2007-01-01,CLP,Chile,1670.0,540.15
2007-01-01,CNY,China,11.0,7.7743
2007-01-01,COP,Colombia,6900.0,2239.325
2007-01-01,CRC,Costa Rica,1130.0,509.535
2007-01-01,CZK,Czech Republic,52.1,21.50115
2007-01-01,DKK,Denmark,27.75,5.75305
2007-01-01,EGP,Egypt,9.09,5.7
2007-01-01,EUR,Euro area,2.94,0.771813376
2007-01-01,GBP,Britain,1.94,0.506034461
2007-01-01,HKD,Hong Kong,12.0,7.79845
2007-01-01,HUF,Hungary,590.0,194.4237
2007-01-01,IDR,Indonesia,15900.0,9090.0
2007-01-01,JPY,Japan,280.0,121.585
2007-01-01,KRW,South Korea,2900.0,940.15
2007-01-01,LKR,Sri Lanka,190.0,102.955
2007-01-01,MXN,Mexico,29.0,10.8894
2007-01-01,MYR,Malaysia,5.5,3.502
2007-01-01,NOK,Norway,41.5,6.1023
2007-01-01,NZD,New Zealand,4.6,1.4279600000000001
2007-01-01,PKR,Pakistan,140.0,60.055
2007-01-01,PEN,Peru,9.5,3.1895
2007-01-01,PHP,Philippines,85.0,49.05
2007-01-01,PLN,Poland,6.9,2.97175
2007-01-01,RUB,Russia,49.0,26.5335
2007-01-01,SAR,Saudi Arabia,9.0,3.7489999999999997
2007-01-01,SGD,Singapore,3.6,1.53795
2007-01-01,SEK,Sweden,32.0,7.04125
2007-01-01,THB,Thailand,62.0,35.3
2007-01-01,TRY,Turkey,4.55,1.40975
2007-01-01,TWD,Taiwan,75.0,32.9255
2007-01-01,UAH,Ukraine,9.0,5.05
2007-01-01,UYU,Uruguay,55.0,23.925
2007-01-01,USD,United States,3.22,1.0
2007-01-01,ZAR,South Africa,15.5,7.10975
2007-06-01,AED,UAE,10.0,3.67285
2007-06-01,ARS,Argentina,8.25,3.0915
2007-06-01,AUD,Australia,3.45,1.17
2007-06-01,BRL,Brazil,6.9,1.913
2007-06-01,CAD,Canada,3.88,1.05345
2007-06-01,CHF,Switzerland,6.3,1.2112
2007-06-01,CLP,Chile,1565.0,526.75
2007-06-01,CNY,China,11.0,7.6047
2007-06-01,COP,Colombia,6900.0,1956.0
2007-06-01,CRC,Costa Rica,1130.0,518.625
2007-06-01,CZK,Czech Republic,52.9,21.11675
2007-06-01,DKK,Denmark,27.75,5.4603
2007-06-01,EGP,Egypt,9.54,5.69025
2007-06-01,EUR,Euro area,3.057482443,0.7337564659999999
2007-06-01,GBP,Britain,1.99,0.4966106320000001
2007-06-01,HKD,Hong Kong,12.0,7.81555
2007-06-01,HUF,Hungary,600.0,180.2106
2007-06-01,IDR,Indonesia,15900.0,9015.0
2007-06-01,JPY,Japan,280.0,122.315
2007-06-01,KRW,South Korea,2900.0,922.5
2007-06-01,LKR,Sri Lanka,210.0,111.4
2007-06-01,MXN,Mexico,29.0,10.76755
2007-06-01,MYR,Malaysia,5.5,3.4345
2007-06-01,NOK,Norway,40.0,5.8139
2007-06-01,NZD,New Zealand,4.6,1.2797
2007-06-01,PKR,Pakistan,140.0,60.37
2007-06-01,PEN,Peru,9.5,3.167
2007-06-01,PHP,Philippines,85.0,45.8975
2007-06-01,PLN,Poland,6.9,2.75185
2007-06-01,RUB,Russia,52.0,25.64825
2007-06-01,SAR,Saudi Arabia,9.0,3.75045
2007-06-01,SGD,Singapore,3.95,1.52375
2007-06-01,SEK,Sweden,33.0,6.79165
2007-06-01,THB,Thailand,62.0,34.455
2007-06-01,TRY,Turkey,4.75,1.2981
2007-06-01,TWD,Taiwan,75.0,32.7705
2007-06-01,UAH,Ukraine,9.25,5.0275
2007-06-01,UYU,Uruguay,62.0,23.945
2007-06-01,USD,United States,3.41,1.0
2007-06-01,ZAR,South Africa,15.5,6.971
2008-06-01,AED,UAE,10.0,3.67285
2008-06-01,ARS,Argentina,11.0,3.0195
2008-06-01,AUD,Australia,3.45,1.026
2008-06-01,BRL,Brazil,7.5,1.5846
2008-06-01,CAD,Canada,4.09,1.00355
2008-06-01,CHF,Switzerland,6.5,1.02215
2008-06-01,CLP,Chile,1550.0,494.65
2008-06-01,CNY,China,12.5,6.834
2008-06-01,COP,Colombia,7000.0,1798.65
2008-06-01,CRC,Costa Rica,1800.0,551.02
2008-06-01,CZK,Czech Republic,66.08,14.49795
2008-06-01,DKK,Denmark,28.0,4.7044
2008-06-01,EGP,Egypt,13.0,5.3125
2008-06-01,EUR,Euro area,3.36856,0.630497147
2008-06-01,GBP,Britain,2.29,0.5010396570000001
2008-06-01,HKD,Hong Kong,13.3,7.7974
2008-06-01,HUF,Hungary,670.0,144.2578
2008-06-01,IDR,Indonesia,18700.0,9152.0
2008-06-01,JPY,Japan,280.0,106.855
2008-06-01,KRW,South Korea,3200.0,1018.05
2008-06-01,LKR,Sri Lanka,210.0,107.55
2008-06-01,MXN,Mexico,32.0,10.1685
2008-06-01,MYR,Malaysia,5.5,3.238
2008-06-01,NOK,Norway,40.0,5.07915
2008-06-01,NZD,New Zealand,4.9,1.3177
2008-06-01,PKR,Pakistan,140.0,70.9
2008-06-01,PEN,Peru,9.5,2.84
2008-06-01,PHP,Philippines,87.0,44.485
2008-06-01,PLN,Poland,7.0,2.03145
2008-06-01,RUB,Russia,59.0,23.2336
2008-06-01,SAR,Saudi Arabia,10.0,3.74955
2008-06-01,SGD,Singapore,3.95,1.35275
2008-06-01,SEK,Sweden,38.0,5.96085
2008-06-01,THB,Thailand,62.0,33.36
2008-06-01,TRY,Turkey,5.15,1.19275
2008-06-01,TWD,Taiwan,75.0,30.3625
2008-06-01,UAH,Ukraine,11.0,4.6
2008-06-01,UYU,Uruguay,61.0,19.15
2008-06-01,USD,United States,3.57,1.0
2008-06-01,ZAR,South Africa,16.95,7.56325
2009-07-01,AED,UAE,10.0,3.673
2009-07-01,ARS,Argentina,11.5,3.81125
2009-07-01,AUD,Australia,4.34,1.2869
2009-07-01,BRL,Brazil,8.03,1.9971
2009-07-01,CAD,Canada,3.89,1.16085
2009-07-01,CHF,Switzerland,6.5,1.08605
2009-07-01,CLP,Chile,1750.0,548.55
2009-07-01,CNY,China,12.5,6.8327
2009-07-01,COP,Colombia,7000.0,2095.6
2009-07-01,CRC,Costa Rica,2000.0,582.57
2009-07-01,CZK,Czech Republic,67.92,18.66155
2009-07-01,DKK,Denmark,29.5,5.3375
2009-07-01,EGP,Egypt,13.0,5.58475
2009-07-01,EUR,Euro area,3.31,0.7168972690000001
2009-07-01,GBP,Britain,2.29,0.620886626
2009-07-01,HKD,Hong Kong,13.3,7.7505
2009-07-01,HUF,Hungary,720.0,199.1577
2009-07-01,IDR,Indonesia,20900.0,10200.0
2009-07-01,ILS,Israel,15.0,3.97425
2009-07-01,JPY,Japan,320.0,92.565
2009-07-01,KRW,South Korea,3400.0,1314.5
2009-07-01,LKR,Sri Lanka,210.0,114.86
2009-07-01,MXN,Mexico,33.0,13.8104
2009-07-01,MYR,Malaysia,6.77,3.602
2009-07-01,NOK,Norway,40.0,6.50925
2009-07-01,NZD,New Zealand,4.9,1.59235
2009-07-01,PKR,Pakistan,190.0,82.6
2009-07-01,PEN,Peru,8.056000000000001,3.0274
2009-07-01,PHP,Philippines,99.39,48.385
2009-07-01,PLN,Poland,7.6,3.15525
2009-07-01,RUB,Russia,67.0,32.7959
2009-07-01,SAR,Saudi Arabia,11.0,3.7504
2009-07-01,SGD,Singapore,4.22,1.4645
2009-07-01,SEK,Sweden,39.0,7.90915
2009-07-01,THB,Thailand,64.49,34.165
2009-07-01,TRY,Turkey,5.65,1.55005
2009-07-01,TWD,Taiwan,75.0,33.1755
2009-07-01,UAH,Ukraine,14.0,7.66
2009-07-01,UYU,Uruguay,61.0,23.17
2009-07-01,USD,United States,3.57,1.0
2009-07-01,ZAR,South Africa,17.95,8.2805
2010-01-01,AED,UAE,11.0,3.673
2010-01-01,ARS,Argentina,7.0,3.7985
2010-01-01,AUD,Australia,4.35,1.09355
2010-01-01,BRL,Brazil,8.2,1.7233
2010-01-01,CAD,Canada,4.12,1.0368
2010-01-01,CHF,Switzerland,6.5,1.03115
2010-01-01,CLP,Chile,1600.0,503.1
2010-01-01,CNY,China,12.5,6.8272
2010-01-01,COP,Colombia,8200.0,2095.6
2010-01-01,CRC,Costa Rica,2050.0,582.57
2010-01-01,CZK,Czech Republic,67.64,18.21005
2010-01-01,DKK,Denmark,30.94,5.16195
2010-01-01,EGP,Egypt,13.0,5.465
2010-01-01,EUR,Euro area,3.36,0.693649638
2010-01-01,GBP,Britain,2.29,0.623752495
2010-01-01,HKD,Hong Kong,14.8,7.75655
2010-01-01,HUF,Hungary,720.0,186.6508
2010-01-01,IDR,Indonesia,20900.0,9320.0
2010-01-01,ILS,Israel,14.9,3.7325
2010-01-01,JPY,Japan,320.0,91.54
2010-01-01,KRW,South Korea,3400.0,1140.5
2010-01-01,LKR,Sri Lanka,210.0,114.86
2010-01-01,MXN,Mexico,32.0,12.81375
2010-01-01,MYR,Malaysia,7.05,3.3875
2010-01-01,NOK,Norway,40.0,5.69555
2010-01-01,NZD,New Zealand,4.9,1.35685
2010-01-01,PKR,Pakistan,200.0,82.6
2010-01-01,PEN,Peru,8.056000000000001,2.8705
2010-01-01,PHP,Philippines,101.52,45.92
2010-01-01,PLN,Poland,8.1,2.83565
2010-01-01,RUB,Russia,70.0,29.927
2010-01-01,SAR,Saudi Arabia,10.0,3.7502
2010-01-01,SGD,Singapore,4.45,1.39555
2010-01-01,SEK,Sweden,39.0,7.0821
2010-01-01,THB,Thailand,70.0,33.135
2010-01-01,TRY,Turkey,5.65,1.47455
2010-01-01,TWD,Taiwan,75.0,31.8425
2010-01-01,UAH,Ukraine,14.0,7.66
2010-01-01,UYU,Uruguay,77.0,23.17
2010-01-01,USD,United States,3.58,1.0
2010-01-01,ZAR,South Africa,17.95,7.3045
2010-07-01,AED,UAE,11.0,3.67285
2010-07-01,ARS,Argentina,14.0,3.93375
2010-07-01,AUD,Australia,4.35,1.133722578
2010-07-01,BRL,Brazil,8.71,1.77495
2010-07-01,CAD,Canada,4.17,1.04235
2010-07-01,CHF,Switzerland,6.5,1.05085
2010-07-01,CLP,Chile,1750.0,523.65
2010-07-01,CNY,China,13.2,6.7769
2010-07-01,COP,Colombia,8200.0,1868.45
2010-07-01,CRC,Costa Rica,2000.0,522.115
2010-07-01,CZK,Czech Republic,67.64,19.7476
2010-07-01,DKK,Denmark,28.5,5.81365
2010-07-01,EGP,Egypt,13.0,5.699
2010-07-01,EUR,Euro area,3.3800310710000003,0.78015291
2010-07-01,GBP,Britain,2.29,0.657375756
2010-07-01,HKD,Hong Kong,14.8,7.7742
2010-07-01,HUF,Hungary,740.0,221.96915
2010-07-01,IDR,Indonesia,22780.0,9063.0
2010-07-01,ILS,Israel,14.9,3.8619
2010-07-01,JPY,Japan,320.0,87.18
2010-07-01,KRW,South Korea,3400.0,1204.45
2010-07-01,LKR,Sri Lanka,210.0,112.775
2010-07-01,MXN,Mexico,32.0,12.782
2010-07-01,MYR,Malaysia,7.05,3.2135
2010-07-01,NOK,Norway,45.0,6.24625
2010-07-01,NZD,New Zealand,5.0,1.39275766
2010-07-01,PKR,Pakistan,210.0,85.525
2010-07-01,PEN,Peru,10.0,2.8275
2010-07-01,PHP,Philippines,102.0,46.47
2010-07-01,PLN,Poland,8.3,3.1969
2010-07-01,RUB,Russia,71.0,30.44325
2010-07-01,SAR,Saudi Arabia,10.0,3.75045
2010-07-01,SGD,Singapore,4.23,1.3742
2010-07-01,SEK,Sweden,48.4,7.37355
2010-07-01,THB,Thailand,70.0,32.305
2010-07-01,TRY,Turkey,5.95,1.5293
2010-07-01,TWD,Taiwan,75.0,32.1055
2010-07-01,UAH,Ukraine,14.5,7.899
2010-07-01,UYU,Uruguay,79.0,21.1
2010-07-01,USD,United States,3.733333333,1.0
2010-07-01,ZAR,South Africa,18.45,7.5365
2011-07-01,AED,UAE,12.0,3.67305
2011-07-01,ARS,Argentina,20.0,4.1325
2011-07-01,AUD,Australia,4.56,0.9223815890000001
2011-07-01,BRL,Brazil,9.5,1.5416
2011-07-01,CAD,Canada,4.73,0.94585
2011-07-01,CHF,Switzerland,6.5,0.80615
2011-07-01,CLP,Chile,1850.0,462.75
2011-07-01,CNY,China,14.65,6.445
2011-07-01,COP,Colombia,8400.0,1770.5
2011-07-01,CRC,Costa Rica,2050.0,504.305
2011-07-01,CZK,Czech Republic,69.32,17.0219
2011-07-01,DKK,Denmark,28.5,5.19845
2011-07-01,EGP,Egypt,14.09,5.9620000000000015
2011-07-01,EUR,Euro area,3.437660401,0.697520315
2011-07-01,GBP,Britain,2.39,0.614137444
2011-07-01,HKD,Hong Kong,15.1,7.7918
2011-07-01,HUF,Hungary,760.0,188.0724
2011-07-01,IDR,Indonesia,22534.0,8523.0
2011-07-01,INR,India,84.0,44.4
2011-07-01,ILS,Israel,15.9,3.40335
2011-07-01,JPY,Japan,320.0,78.365
2011-07-01,KRW,South Korea,3700.0,1056.2
2011-07-01,LKR,Sri Lanka,280.0,109.475
2011-07-01,MXN,Mexico,32.0,11.67075
2011-07-01,MYR,Malaysia,7.2,2.9730000000000003
2011-07-01,NOK,Norway,45.0,5.41405
2011-07-01,NZD,New Zealand,5.1,1.1560693640000002
2011-07-01,PKR,Pakistan,205.13,86.345
2011-07-01,PEN,Peru,10.0,2.7375
2011-07-01,PHP,Philippines,118.0,42.41
2011-07-01,PLN,Poland,8.63,2.7968
2011-07-01,RUB,Russia,75.0,27.7525
2011-07-01,SAR,Saudi Arabia,10.0,3.7502
2011-07-01,SGD,Singapore,4.41,1.20705
2011-07-01,SEK,Sweden,48.4,6.3352
2011-07-01,THB,Thailand,70.0,29.75
2011-07-01,TRY,Turkey,6.5,1.72285
2011-07-01,TWD,Taiwan,75.0,28.834
2011-07-01,UAH,Ukraine,16.5,7.994
2011-07-01,UYU,Uruguay,90.0,18.45
2011-07-01,USD,United States,4.065,1.0
2011-07-01,ZAR,South Africa,19.45,6.76885
2012-01-01,AED,UAE,12.0,3.673
2012-01-01,ARS,Argentina,20.0,4.3135
2012-01-01,AUD,Australia,4.8,0.972337012
2012-01-01,BRL,Brazil,10.25,1.805
2012-01-01,CAD,Canada,4.73,1.02095
2012-01-01,CHF,Switzerland,6.5,0.9551
2012-01-01,CLP,Chile,2050.0,506.05
2012-01-01,CNY,China,15.4,6.3155
2012-01-01,COP,Colombia,8400.0,1852.15
2012-01-01,CRC,Costa Rica,2050.0,509.54
2012-01-01,CZK,Czech Republic,70.22,20.36535
2012-01-01,DKK,Denmark,31.5,5.86135
2012-01-01,EGP,Egypt,15.5,6.037000000000001
2012-01-01,EUR,Euro area,3.49245637,0.788239467
2012-01-01,GBP,Britain,2.49,0.651253663
2012-01-01,HKD,Hong Kong,16.5,7.76735
2012-01-01,HUF,Hungary,645.0,245.69425
2012-01-01,IDR,Indonesia,22534.0,9160.0
2012-01-01,INR,India,84.0,51.905
2012-01-01,ILS,Israel,15.9,3.8485
2012-01-01,JPY,Japan,320.0,76.92
2012-01-01,KRW,South Korea,3700.0,1158.75
2012-01-01,LKR,Sri Lanka,290.0,113.93
2012-01-01,MXN,Mexico,37.0,13.6844
2012-01-01,MYR,Malaysia,7.35,3.13955
2012-01-01,NOK,Norway,41.0,6.0399
2012-01-01,NZD,New Zealand,5.1,1.26000126
2012-01-01,PKR,Pakistan,260.0,90.05
2012-01-01,PEN,Peru,10.0,2.6925
2012-01-01,PHP,Philippines,118.0,44.005
2012-01-01,PLN,Poland,9.1,3.52045
2012-01-01,RUB,Russia,81.0,31.7693
2012-01-01,SAR,Saudi Arabia,10.0,3.7502
2012-01-01,SGD,Singapore,4.85,1.2928
2012-01-01,SEK,Sweden,41.0,6.9338
2012-01-01,THB,Thailand,78.0,31.75
2012-01-01,TRY,Turkey,6.6,1.86295
2012-01-01,TWD,Taiwan,75.0,29.9795
2012-01-01,UAH,Ukraine,17.0,8.0405
2012-01-01,UYU,Uruguay,90.0,19.45
2012-01-01,USD,United States,4.19722,1.0
2012-01-01,ZAR,South Africa,19.95,8.1304
2012-07-01,AED,UAE,12.0,3.67295
2012-07-01,ARS,Argentina,19.0,4.56625
2012-07-01,AUD,Australia,4.56,0.9743264970000001
2012-07-01,BRL,Brazil,10.08,2.04215
2012-07-01,CAD,Canada,5.12,1.01945
2012-07-01,CHF,Switzerland,6.5,0.9906
2012-07-01,CLP,Chile,2050.0,493.05
2012-07-01,CNY,China,15.65,6.3885
2012-07-01,COP,Colombia,8600.0,1804.475
2012-07-01,CZK,Czech Republic,70.33,21.048000000000002
2012-07-01,DKK,Denmark,28.5,6.1356
2012-07-01,EGP,Egypt,16.0,6.0665
2012-07-01,EUR,Euro area,3.5834822410000005,0.8248443109999999
2012-07-01,GBP,Britain,2.69,0.646266197
2012-07-01,HKD,Hong Kong,16.5,7.75815
2012-07-01,HUF,Hungary,830.0,238.2151
2012-07-01,IDR,Indonesia,24200.0,9482.5
2012-07-01,INR,India,89.0,56.165
2012-07-01,ILS,Israel,11.9,4.07625
2012-07-01,JPY,Japan,320.0,78.22
2012-07-01,KRW,South Korea,3700.0,1151.0
2012-07-01,LKR,Sri Lanka,290.0,131.0
2012-07-01,MXN,Mexico,37.0,13.687000000000001
2012-07-01,MYR,Malaysia,7.4,3.1735
2012-07-01,NOK,Norway,43.0,6.09205
2012-07-01,NZD,New Zealand,5.1,1.273560876
2012-07-01,PKR,Pakistan,285.0,94.605
2012-07-01,PHP,Philippines,118.0,42.2
2012-07-01,PLN,Poland,9.1,3.46035
2012-07-01,RUB,Russia,75.0,32.76525
2012-07-01,SAR,Saudi Arabia,10.0,3.75025
2012-07-01,SGD,Singapore,4.4,1.2585
2012-07-01,SEK,Sweden,39.97301987,6.9777
2012-07-01,THB,Thailand,82.0,31.7
2012-07-01,TRY,Turkey,8.25,1.8269
2012-07-01,TWD,Taiwan,75.0,30.1955
2012-07-01,UAH,Ukraine,15.0,8.0855
2012-07-01,UYU,Uruguay,99.0,21.87
2012-07-01,USD,United States,4.3275,1.0
2012-07-01,ZAR,South Africa,19.95,8.4683
2013-01-01,AED,UAE,12.0,3.67305
2013-01-01,ARS,Argentina,19.0,4.9765
2013-01-01,AUD,Australia,4.7,0.959094615
2013-01-01,BRL,Brazil,11.25,1.99335
2013-01-01,CAD,Canada,5.41,1.0029
2013-01-01,CHF,Switzerland,6.5,0.9123
2013-01-01,CLP,Chile,2050.0,471.75
2013-01-01,CNY,China,16.0,6.2204
2013-01-01,COP,Colombia,8600.0,1773.175
2013-01-01,CRC,Costa Rica,2200.0,500.83
2013-01-01,CZK,Czech Republic,70.33,18.89495
2013-01-01,DKK,Denmark,28.5,5.49795
2013-01-01,EGP,Egypt,16.0,6.68575
2013-01-01,EUR,Euro area,3.5948495719999998,0.7369468290000001
2013-01-01,GBP,Britain,2.69,0.633211968
2013-01-01,HKD,Hong Kong,17.0,7.7591
2013-01-01,HUF,Hungary,830.0,217.46935
2013-01-01,IDR,Indonesia,27939.0,9767.5
2013-01-01,INR,India,89.0,53.395
2013-01-01,ILS,Israel,14.9,3.72455
2013-01-01,JPY,Japan,320.0,91.065
2013-01-01,KRW,South Korea,3700.0,1085.475
2013-01-01,LKR,Sri Lanka,350.0,126.45
2013-01-01,MXN,Mexico,37.0,12.7384
2013-01-01,MYR,Malaysia,7.95,3.083
2013-01-01,NOK,Norway,43.0,5.4831
2013-01-01,NZD,New Zealand,5.2,1.202428906
2013-01-01,PKR,Pakistan,290.0,97.665
2013-01-01,PEN,Peru,10.0,2.5595
2013-01-01,PHP,Philippines,118.0,40.6
2013-01-01,PLN,Poland,9.1,3.092
2013-01-01,RUB,Russia,72.88,30.045
2013-01-01,SAR,Saudi Arabia,11.0,3.7502
2013-01-01,SGD,Singapore,4.5,1.23485
2013-01-01,SEK,Sweden,40.55930138,6.3492
2013-01-01,THB,Thailand,87.0,29.755
2013-01-01,TRY,Turkey,8.45,1.76875
2013-01-01,TWD,Taiwan,75.0,29.502
2013-01-01,UAH,Ukraine,19.0,8.144
2013-01-01,UYU,Uruguay,105.0,19.28
2013-01-01,USD,United States,4.367395833,1.0
2013-01-01,ZAR,South Africa,20.9,9.047
2013-07-01,AED,UAE,12.0,3.673
2013-07-01,ARS,Argentina,21.0,5.4125
2013-07-01,AUD,Australia,5.035,1.089858863
2013-07-01,BRL,Brazil,12.0,2.27065
2013-07-01,CAD,Canada,5.53,1.05125
2013-07-01,CHF,Switzerland,6.5,0.9674
2013-07-01,CLP,Chile,2000.0,508.155
2013-07-01,CNY,China,16.0,6.1341
2013-07-01,COP,Colombia,8600.0,1921.0
2013-07-01,CRC,Costa Rica,2150.0,498.675
2013-07-01,CZK,Czech Republic,70.45,20.1828
2013-07-01,DKK,Denmark,28.5,5.8006
2013-07-01,EGP,Egypt,16.75,7.00915
2013-07-01,EUR,Euro area,3.6238704889999998,0.777756173
2013-07-01,GBP,Britain,2.69,0.669142494
2013-07-01,HKD,Hong Kong,17.0,7.75665
2013-07-01,HUF,Hungary,860.0,228.46200000000002
2013-07-01,IDR,Indonesia,27939.0,9965.0
2013-07-01,INR,India,90.0,59.98
2013-07-01,ILS,Israel,17.5,3.64595
2013-07-01,JPY,Japan,320.0,100.105
2013-07-01,KRW,South Korea,3900.0,1135.7
2013-07-01,LKR,Sri Lanka,370.0,130.8
2013-07-01,MXN,Mexico,37.0,12.94115
2013-07-01,MYR,Malaysia,7.3,3.1805
2013-07-01,NOK,Norway,46.0,6.1281
2013-07-01,NZD,New Zealand,5.5,1.279344975
2013-07-01,PKR,Pakistan,300.0,100.035
2013-07-01,PEN,Peru,10.0,2.783
2013-07-01,PHP,Philippines,115.21,43.44
2013-07-01,PLN,Poland,9.2,3.3655
2013-07-01,RUB,Russia,87.0,32.9389
2013-07-01,SAR,Saudi Arabia,10.0,3.7502
2013-07-01,SGD,Singapore,4.7,1.2747
2013-07-01,SEK,Sweden,41.61,6.7583
2013-07-01,THB,Thailand,89.0,31.275
2013-07-01,TRY,Turkey,8.5,1.95745
2013-07-01,TWD,Taiwan,79.0,30.0285
2013-07-01,UAH,Ukraine,19.0,8.155
2013-07-01,UYU,Uruguay,105.0,21.085
2013-07-01,USD,United States,4.556666667,1.0
2013-07-01,ZAR,South Africa,22.5,10.04725
2014-01-01,AED,UAE,12.0,3.673
2014-01-01,ARS,Argentina,21.0,6.92125
2014-01-01,AUD,Australia,5.05,1.128859288
2014-01-01,BRL,Brazil,12.4,2.36305
2014-01-01,CAD,Canada,5.54,1.1051
2014-01-01,CHF,Switzerland,6.5,0.91005
2014-01-01,CLP,Chile,2000.0,541.95
2014-01-01,CNY,China,16.6,6.0513
2014-01-01,COP,Colombia,8600.0,1982.795
2014-01-01,CRC,Costa Rica,2150.0,501.92
2014-01-01,CZK,Czech Republic,70.45,20.2838
2014-01-01,DKK,Denmark,28.5,5.5014
2014-01-01,EGP,Egypt,16.93,6.961
2014-01-01,EUR,Euro area,3.657962724,0.737218475
2014-01-01,GBP,Britain,2.79,0.603009015
2014-01-01,HKD,Hong Kong,18.0,7.75785
2014-01-01,HUF,Hungary,860.0,223.09705
2014-01-01,IDR,Indonesia,27939.0,12140.0
2014-01-01,INR,India,95.0,61.845
2014-01-01,ILS,Israel,17.5,3.4882
2014-01-01,JPY,Japan,310.0,104.245
2014-01-01,KRW,South Korea,3700.0,1067.3
2014-01-01,LKR,Sri Lanka,350.0,130.8
2014-01-01,MXN,Mexico,37.0,13.33275
2014-01-01,MYR,Malaysia,7.4,3.3235
2014-01-01,NOK,Norway,48.0,6.15745
2014-01-01,NZD,New Zealand,5.5,1.203007519
2014-01-01,PKR,Pakistan,320.0,105.415
2014-01-01,PEN,Peru,10.0,2.8065
2014-01-01,PHP,Philippines,135.0,45.23
2014-01-01,PLN,Poland,9.2,3.0684
2014-01-01,RUB,Russia,89.0,33.93925
2014-01-01,SAR,Saudi Arabia,11.0,3.7504
2014-01-01,SGD,Singapore,4.6,1.27885
2014-01-01,SEK,Sweden,40.7,6.47315
2014-01-01,THB,Thailand,96.0,32.875
2014-01-01,TRY,Turkey,8.5,2.26155
2014-01-01,TWD,Taiwan,79.0,30.160999999999998
2014-01-01,UAH,Ukraine,19.0,8.379
2014-01-01,UYU,Uruguay,105.0,21.38
2014-01-01,USD,United States,4.624166667,1.0
2014-01-01,ZAR,South Africa,23.5,10.87765
2014-07-01,AED,UAE,13.0,3.67305
2014-07-01,ARS,Argentina,21.0,8.16875
2014-07-01,AUD,Australia,5.1,1.059378145
2014-07-01,BRL,Brazil,13.0,2.22025
2014-07-01,CAD,Canada,5.64,1.07405
2014-07-01,CHF,Switzerland,6.16,0.9024
2014-07-01,CLP,Chile,2100.0,564.14
2014-07-01,CNY,China,16.9,6.1983
2014-07-01,COP,Colombia,8600.0,1847.65
2014-07-01,CRC,Costa Rica,2150.0,537.3
2014-07-01,CZK,Czech Republic,70.45,20.3877
2014-07-01,DKK,Denmark,28.5,5.5388
2014-07-01,EGP,Egypt,16.93,7.15005
2014-07-01,EUR,Euro area,3.67923829,0.7427489140000001
2014-07-01,GBP,Britain,2.89,0.586785589
2014-07-01,HKD,Hong Kong,18.8,7.75045
2014-07-01,HUF,Hungary,860.0,228.30615
2014-07-01,IDR,Indonesia,27939.0,11505.0
2014-07-01,INR,India,105.0,60.08875
2014-07-01,ILS,Israel,17.5,3.4138
2014-07-01,JPY,Japan,370.0,101.53
2014-07-01,KRW,South Korea,4100.0,1023.75
2014-07-01,LKR,Sri Lanka,350.0,130.255
2014-07-01,MXN,Mexico,42.0,12.93255
2014-07-01,MYR,Malaysia,7.63,3.1675
2014-07-01,NOK,Norway,48.0,6.1873
2014-07-01,NZD,New Zealand,5.7,1.152737752
2014-07-01,PKR,Pakistan,300.0,98.68
2014-07-01,PEN,Peru,10.0,2.7880000000000003
2014-07-01,PHP,Philippines,160.0,43.205
2014-07-01,PLN,Poland,9.2,3.0714
2014-07-01,RUB,Russia,89.0,34.83725
2014-07-01,SAR,Saudi Arabia,11.0,3.75035
2014-07-01,SGD,Singapore,4.7,1.238
2014-07-01,SEK,Sweden,40.7,6.836
2014-07-01,THB,Thailand,99.0,31.78
2014-07-01,TRY,Turkey,9.25,2.09125
2014-07-01,TWD,Taiwan,79.0,29.982
2014-07-01,UAH,Ukraine,19.0,11.685
2014-07-01,UYU,Uruguay,113.0,22.97
2014-07-01,USD,United States,4.795,1.0
2014-07-01,VND,Vietnam,60000.0,21230.0
2014-07-01,ZAR,South Africa,24.5,10.5145
2015-01-01,AED,UAE,13.0,3.67305
2015-01-01,ARS,Argentina,28.0,8.61
2015-01-01,AUD,Australia,5.3,1.227219734
2015-01-01,BRL,Brazil,13.5,2.59275
2015-01-01,CAD,Canada,5.7,1.22855
2015-01-01,CHF,Switzerland,6.5,0.86165
2015-01-01,CLP,Chile,2100.0,627.485
2015-01-01,CNY,China,17.2,6.2115
2015-01-01,COP,Colombia,7900.0,2364.98
2015-01-01,CRC,Costa Rica,2150.0,536.09
2015-01-01,CZK,Czech Republic,70.45,24.13325
2015-01-01,DKK,Denmark,34.5,6.4174
2015-01-01,EGP,Egypt,16.93,7.35005
2015-01-01,EUR,Euro area,3.68,0.8630734040000001
2015-01-01,GBP,Britain,2.89,0.6615944429999999
2015-01-01,HKD,Hong Kong,18.8,7.75135
2015-01-01,HUF,Hungary,860.0,271.39345
2015-01-01,IDR,Indonesia,27939.0,12480.0
2015-01-01,INR,India,116.25,61.615
2015-01-01,ILS,Israel,17.5,3.93415
2015-01-01,JPY,Japan,370.0,117.765
2015-01-01,KRW,South Korea,4100.0,1083.3
2015-01-01,LKR,Sri Lanka,350.0,131.875
2015-01-01,MXN,Mexico,49.0,14.6275
2015-01-01,MYR,Malaysia,7.63,3.6155
2015-01-01,NOK,Norway,48.0,7.6225
2015-01-01,NZD,New Zealand,5.9,1.313283866
2015-01-01,PKR,Pakistan,300.0,100.735
2015-01-01,PEN,Peru,10.0,3.008
2015-01-01,PHP,Philippines,163.0,44.41
2015-01-01,PLN,Poland,9.2,3.7066
2015-01-01,RUB,Russia,89.0,65.227
2015-01-01,SAR,Saudi Arabia,11.0,3.7569
2015-01-01,SGD,Singapore,4.7,1.33315
2015-01-01,SEK,Sweden,40.7,8.19145
2015-01-01,THB,Thailand,99.0,32.605
2015-01-01,TRY,Turkey,9.25,2.33345
2015-01-01,TWD,Taiwan,79.0,31.493000000000002
2015-01-01,UAH,Ukraine,19.0,15.822000000000001
2015-01-01,UYU,Uruguay,113.0,24.425
2015-01-01,USD,United States,4.79,1.0
2015-01-01,VND,Vietnam,60000.0,21380.0
2015-01-01,ZAR,South Africa,25.5,11.47875
2015-07-01,AED,UAE,13.0,3.67295
2015-07-01,ARS,Argentina,28.0,9.135
2015-07-01,AUD,Australia,5.3,1.35126005
2015-07-01,BRL,Brazil,13.5,3.15235
2015-07-01,CAD,Canada,5.85,1.2897
2015-07-01,CHF,Switzerland,6.5,0.9528
2015-07-01,CLP,Chile,2100.0,642.45
2015-07-01,CNY,China,17.0,6.2092
2015-07-01,COP,Colombia,7900.0,2708.9
2015-07-01,CRC,Costa Rica,2150.0,533.3
2015-07-01,CZK,Czech Republic,70.0,24.70225
2015-07-01,DKK,Denmark,34.59,6.81105
2015-07-01,EGP,Egypt,16.93,7.83005
2015-07-01,EUR,Euro area,3.7,0.9127002240000001
2015-07-01,GBP,Britain,2.89,0.640450877
2015-07-01,HKD,Hong Kong,19.2,7.7508
2015-07-01,HUF,Hungary,900.0,282.8778
2015-07-01,IDR,Indonesia,30500.0,13344.5
2015-07-01,INR,India,116.25,63.43
2015-07-01,ILS,Israel,17.5,3.77835
2015-07-01,JPY,Japan,370.0,123.935
2015-07-01,KRW,South Korea,4300.0,1143.5
2015-07-01,LKR,Sri Lanka,350.0,133.85
2015-07-01,MXN,Mexico,49.0,15.73975
2015-07-01,MYR,Malaysia,7.65,3.8065
2015-07-01,NOK,Norway,46.0,8.14255
2015-07-01,NZD,New Zealand,5.9,1.509092281
2015-07-01,PKR,Pakistan,350.0,101.7
2015-07-01,PEN,Peru,10.0,3.1835
2015-07-01,PHP,Philippines,163.0,45.2125
2015-07-01,PLN,Poland,9.6,3.7736
2015-07-01,RUB,Russia,107.0,56.815
2015-07-01,SAR,Saudi Arabia,12.0,3.75055
2015-07-01,SGD,Singapore,4.7,1.3664
2015-07-01,SEK,Sweden,43.7,8.52265
2015-07-01,THB,Thailand,108.0,34.0875
2015-07-01,TRY,Turkey,10.25,2.6457
2015-07-01,TWD,Taiwan,79.0,31.02
2015-07-01,UAH,Ukraine,34.0,21.95
2015-07-01,UYU,Uruguay,113.0,27.345
2015-07-01,USD,United States,4.79,1.0
2015-07-01,VND,Vietnam,60000.0,21810.0
2015-07-01,ZAR,South Africa,26.0,12.41455
2016-01-01,AED,UAE,13.0,3.6731
2016-01-01,ARS,Argentina,33.0,13.80925
2016-01-01,AUD,Australia,5.3,1.4157287459999999
2016-01-01,BRL,Brazil,13.5,4.0248
2016-01-01,CAD,Canada,5.84,1.4092
2016-01-01,CHF,Switzerland,6.5,1.0088
2016-01-01,CLP,Chile,2100.0,715.215
2016-01-01,CNY,China,17.6,6.5582
2016-01-01,COP,Colombia,7900.0,3253.9
2016-01-01,CRC,Costa Rica,2150.0,535.25
2016-01-01,CZK,Czech Republic,75.0,25.1442
2016-01-01,DKK,Denmark,30.0,6.9405
2016-01-01,EGP,Egypt,16.93,7.83005
2016-01-01,EUR,Euro area,3.72,0.9302325579999999
2016-01-01,GBP,Britain,2.89,0.684532977
2016-01-01,HKD,Hong Kong,19.2,7.75235
2016-01-01,HUF,Hungary,900.0,292.67905
2016-01-01,IDR,Indonesia,30500.0,13947.5
2016-01-01,INR,India,127.0,66.8025
2016-01-01,ILS,Israel,16.9,3.94105
2016-01-01,JPY,Japan,370.0,118.645
2016-01-01,KRW,South Korea,4300.0,1197.75
2016-01-01,LKR,Sri Lanka,350.0,144.05
2016-01-01,MXN,Mexico,49.0,17.43675
2016-01-01,MYR,Malaysia,8.0,4.3925
2016-01-01,NOK,Norway,46.8,8.97465
2016-01-01,NZD,New Zealand,5.9,1.508068165
2016-01-01,PKR,Pakistan,300.0,104.885
2016-01-01,PEN,Peru,10.0,3.418
2016-01-01,PHP,Philippines,131.0,47.0225
2016-01-01,PLN,Poland,9.6,4.0477
2016-01-01,RUB,Russia,114.0,74.655
2016-01-01,SAR,Saudi Arabia,12.0,3.7543
2016-01-01,SGD,Singapore,4.7,1.43725
2016-01-01,SEK,Sweden,45.0,8.60185
2016-01-01,THB,Thailand,112.0,36.22
2016-01-01,TRY,Turkey,10.25,3.0096
2016-01-01,TWD,Taiwan,69.0,33.2315
2016-01-01,UAH,Ukraine,36.0,23.35
2016-01-01,UYU,Uruguay,113.0,30.185
2016-01-01,USD,United States,4.93,1.0
2016-01-01,VND,Vietnam,60000.0,22467.5
2016-01-01,ZAR,South Africa,28.0,15.81375
2016-07-01,AED,UAE,13.0,3.6731
2016-07-01,ARS,Argentina,50.0,14.935
2016-07-01,AUD,Australia,5.75,1.335737661
2016-07-01,BRL,Brazil,15.5,3.24145
2016-07-01,CAD,Canada,6.0,1.3030000000000002
2016-07-01,CHF,Switzerland,6.5,0.9861
2016-07-01,CLP,Chile,2300.0,651.12
2016-07-01,CNY,China,18.6,6.678
2016-07-01,COP,Colombia,8900.0,2929.0
2016-07-01,CRC,Costa Rica,2250.0,546.39
2016-07-01,CZK,Czech Republic,75.0,24.54655
2016-07-01,DKK,Denmark,30.0,6.75715
2016-07-01,EGP,Egypt,23.0,8.87995
2016-07-01,EUR,Euro area,3.82,0.908306463
2016-07-01,GBP,Britain,2.99,0.758840492
2016-07-01,HKD,Hong Kong,19.2,7.7554
2016-07-01,HUF,Hungary,900.0,285.6397
2016-07-01,IDR,Indonesia,31000.0,13112.5
2016-07-01,INR,India,162.0,67.2
2016-07-01,ILS,Israel,16.9,3.85875
2016-07-01,JPY,Japan,370.0,106.725
2016-07-01,KRW,South Korea,4400.0,1140.95
2016-07-01,LKR,Sri Lanka,530.0,146.2
2016-07-01,MXN,Mexico,44.0,18.535
2016-07-01,MYR,Malaysia,8.0,4.027
2016-07-01,NOK,Norway,46.8,8.49355
2016-07-01,NZD,New Zealand,6.0,1.4213630869999998
2016-07-01,PKR,Pakistan,375.0,104.82
2016-07-01,PEN,Peru,10.0,3.30585
2016-07-01,PHP,Philippines,133.0,47.115
2016-07-01,PLN,Poland,9.6,3.96565
2016-07-01,RUB,Russia,130.0,63.40755
2016-07-01,SAR,Saudi Arabia,12.0,3.7505
2016-07-01,SGD,Singapore,5.45,1.3577
2016-07-01,SEK,Sweden,44.94,8.59485
2016-07-01,THB,Thailand,119.0,34.965
2016-07-01,TRY,Turkey,10.75,3.04305
2016-07-01,TWD,Taiwan,69.0,32.029
2016-07-01,UAH,Ukraine,39.0,24.8
2016-07-01,UYU,Uruguay,123.0,30.165
2016-07-01,USD,United States,5.04,1.0
2016-07-01,VND,Vietnam,60000.0,22300.0
2016-07-01,ZAR,South Africa,30.0,14.27375
2017-01-01,AED,UAE,13.0,3.673
2017-01-01,ARS,Argentina,55.0,15.8575
2017-01-01,AUD,Australia,5.8,1.3566680230000001
2017-01-01,BRL,Brazil,16.5,3.22395
2017-01-01,CAD,Canada,5.98,1.3259999999999998
2017-01-01,CHF,Switzerland,6.5,1.0236
2017-01-01,CLP,Chile,2450.0,672.805
2017-01-01,CNY,China,19.6,6.9266
2017-01-01,COP,Colombia,9900.0,2994.625
2017-01-01,CRC,Costa Rica,2250.0,554.33
2017-01-01,CZK,Czech Republic,75.0,25.81175
2017-01-01,DKK,Denmark,30.0,7.10125
2017-01-01,EGP,Egypt,27.49,18.77
2017-01-01,EUR,Euro area,3.88,0.955246692
2017-01-01,GBP,Britain,3.09,0.82877507
2017-01-01,HKD,Hong Kong,19.2,7.75595
2017-01-01,HUF,Hungary,900.0,294.6172
2017-01-01,IDR,Indonesia,31000.0,13329.0
2017-01-01,INR,India,170.0,68.3275
2017-01-01,ILS,Israel,16.9,3.855
2017-01-01,JPY,Japan,380.0,116.665
2017-01-01,KRW,South Korea,4400.0,1196.45
2017-01-01,LKR,Sri Lanka,550.0,150.06
2017-01-01,MXN,Mexico,49.0,21.9505
2017-01-01,MYR,Malaysia,8.0,4.4715
2017-01-01,NOK,Norway,49.0,8.64835
2017-01-01,NZD,New Zealand,6.0,1.43358899
2017-01-01,PKR,Pakistan,375.0,104.775
2017-01-01,PEN,Peru,11.0,3.3929
2017-01-01,PHP,Philippines,133.0,49.615
2017-01-01,PLN,Poland,9.6,4.17215
2017-01-01,RUB,Russia,130.0,60.4375
2017-01-01,SAR,Saudi Arabia,12.0,3.75065
2017-01-01,SGD,Singapore,5.6,1.43875
2017-01-01,SEK,Sweden,48.0,9.12455
2017-01-01,THB,Thailand,119.0,35.573
2017-01-01,TRY,Turkey,10.75,3.91115
2017-01-01,TWD,Taiwan,69.0,31.905
2017-01-01,UAH,Ukraine,42.0,27.235
2017-01-01,UYU,Uruguay,125.0,28.725
2017-01-01,USD,United States,5.06,1.0
2017-01-01,VND,Vietnam,60000.0,22572.0
2017-01-01,ZAR,South Africa,26.32,13.9525
2017-07-01,AED,UAE,14.0,3.673
2017-07-01,ARS,Argentina,70.0,16.9675
2017-07-01,AUD,Australia,5.9,1.303016483
2017-07-01,BRL,Brazil,16.5,3.2343
2017-07-01,CAD,Canada,5.97,1.2823
2017-07-01,CHF,Switzerland,6.5,0.96415
2017-07-01,CLP,Chile,2550.0,663.355
2017-07-01,CNY,China,19.8,6.7875
2017-07-01,COP,Colombia,9900.0,3052.16
2017-07-01,CRC,Costa Rica,2290.0,572.495
2017-07-01,CZK,Czech Republic,75.0,22.8561
2017-07-01,DKK,Denmark,30.0,6.51255
2017-07-01,EGP,Egypt,31.37,17.885
2017-07-01,EUR,Euro area,3.91,0.875695083
2017-07-01,GBP,Britain,3.19,0.775885479
2017-07-01,HKD,Hong Kong,19.2,7.8115
2017-07-01,HUF,Hungary,862.0,268.6239
2017-07-01,IDR,Indonesia,32126.0,13369.5
2017-07-01,INR,India,178.0,64.5575
2017-07-01,ILS,Israel,16.9,3.5405
2017-07-01,JPY,Japan,380.0,113.06
2017-07-01,KRW,South Korea,4400.0,1144.65
2017-07-01,LKR,Sri Lanka,580.0,153.725
2017-07-01,MXN,Mexico,49.0,17.79075
2017-07-01,MYR,Malaysia,8.6,4.2935
2017-07-01,NOK,Norway,49.0,8.2852
2017-07-01,NZD,New Zealand,6.1,1.376273053
2017-07-01,PKR,Pakistan,375.0,105.15
2017-07-01,PEN,Peru,10.5,3.2515
2017-07-01,PHP,Philippines,134.0,50.5765
2017-07-01,PLN,Poland,10.1,3.7086
2017-07-01,RUB,Russia,137.0,60.1369
2017-07-01,SAR,Saudi Arabia,12.0,3.75015
2017-07-01,SGD,Singapore,5.6,1.3777
2017-07-01,SEK,Sweden,48.97,8.41565
2017-07-01,THB,Thailand,119.0,34.0365
2017-07-01,TRY,Turkey,10.75,3.57605
2017-07-01,TWD,Taiwan,69.0,30.4775
2017-07-01,UAH,Ukraine,44.0,25.915
2017-07-01,UYU,Uruguay,130.0,28.705
2017-07-01,USD,United States,5.3,1.0
2017-07-01,VND,Vietnam,60000.0,22732.5
2017-07-01,ZAR,South Africa,30.0,13.27
2018-01-01,AED,UAE,14.0,3.673
2018-01-01,ARS,Argentina,75.0,18.9375
2018-01-01,AUD,Australia,5.9,1.253682693
2018-01-01,BRL,Brazil,16.5,3.2279
2018-01-01,CAD,Canada,6.55,1.2459
2018-01-01,CHF,Switzerland,6.5,0.96085
2018-01-01,CLP,Chile,2600.0,605.935
2018-01-01,CNY,China,20.4,6.432
2018-01-01,COP,Colombia,10900.0,2844.12
2018-01-01,CRC,Costa Rica,2290.0,568.53
2018-01-01,CZK,Czech Republic,79.0,20.747
2018-01-01,DKK,Denmark,30.0,6.0827
2018-01-01,EGP,Egypt,34.21,17.7
2018-01-01,EUR,Euro area,3.95,0.816826629
2018-01-01,GBP,Britain,3.19,0.72285673
2018-01-01,HKD,Hong Kong,20.5,7.819
2018-01-01,HUF,Hungary,864.0,252.14215
2018-01-01,IDR,Indonesia,35750.0,13359.0
2018-01-01,INR,India,180.0,63.86125
2018-01-01,ILS,Israel,16.5,3.43635
2018-01-01,JPY,Japan,380.0,110.725
2018-01-01,KRW,South Korea,4400.0,1069.25
2018-01-01,LKR,Sri Lanka,580.0,153.8
2018-01-01,MXN,Mexico,48.0,18.6635
2018-01-01,MYR,Malaysia,9.0,3.9539999999999997
2018-01-01,NOK,Norway,49.0,7.8501
2018-01-01,NZD,New Zealand,6.2,1.374664925
2018-01-01,PKR,Pakistan,375.0,110.505
2018-01-01,PEN,Peru,10.5,3.2119999999999997
2018-01-01,PHP,Philippines,134.0,50.725
2018-01-01,PLN,Poland,10.1,3.40575
2018-01-01,RUB,Russia,130.0,56.745
2018-01-01,SAR,Saudi Arabia,12.0,3.7503
2018-01-01,SGD,Singapore,5.8,1.32255
2018-01-01,SEK,Sweden,49.1,8.0188
2018-01-01,THB,Thailand,119.0,31.95
2018-01-01,TRY,Turkey,10.75,3.8026
2018-01-01,TWD,Taiwan,69.0,29.553
2018-01-01,UAH,Ukraine,47.0,28.715
2018-01-01,UYU,Uruguay,140.0,28.58
2018-01-01,USD,United States,5.28,1.0
2018-01-01,VND,Vietnam,65000.0,22711.5
2018-01-01,ZAR,South Africa,30.0,12.25815
2018-07-01,AED,United Arab Emirates,14.0,3.67315
2018-07-01,ARS,Argentina,75.0,27.725
2018-07-01,AUD,Australia,6.05,1.33985395591881
2018-07-01,AZN,Azerbaijan,3.95,1.70175
2018-07-01,BHD,Bahrain,1.2,0.37955
2018-07-01,BRL,Brazil,16.9,3.83835
2018-07-01,CAD,Canada,6.65,1.31235
2018-07-01,CHF,Switzerland,6.5,0.99325
2018-07-01,CLP,Chile,2640.0,651.73
2018-07-01,CNY,China,20.5,6.622000000000001
2018-07-01,COP,Colombia,11900.0,2874.07
2018-07-01,CRC,Costa Rica,2290.0,567.8
2018-07-01,CZK,Czech Republic,75.0,22.06475
2018-07-01,DKK,Denmark,30.0,6.3591
2018-07-01,EGP,Egypt,31.37,17.905
2018-07-01,EUR,Euro area,4.04,0.8532059212490941
2018-07-01,GBP,Britain,3.19,0.7538635506973241
2018-07-01,GTQ,Guatemala,25.0,7.4871
2018-07-01,HKD,Hong Kong,20.0,7.84825
2018-07-01,HNL,Honduras,85.0,23.9926
2018-07-01,HRK,Croatia,21.0,6.31275
2018-07-01,HUF,Hungary,850.0,276.4302
2018-07-01,IDR,Indonesia,31500.0,14360.0
2018-07-01,INR,India,173.0,68.825
2018-07-01,ILS,Israel,17.0,3.6349
2018-07-01,JOD,Jordan,1.95,0.71005
2018-07-01,JPY,Japan,390.0,111.25
2018-07-01,KRW,South Korea,4500.0,1116.0
2018-07-01,KWD,Kuwait,1.05,0.3025
2018-07-01,LBP,Lebanon,6500.0,1511.0
2018-07-01,LKR,Sri Lanka,580.0,159.27
2018-07-01,MDL,Moldova,43.0,16.6526
2018-07-01,MXN,Mexico,49.0,19.0515
2018-07-01,MYR,Malaysia,8.45,4.0225
2018-07-01,NIO,Nicaragua,103.0,31.5872
2018-07-01,NOK,Norway,42.0,8.0415
2018-07-01,NZD,New Zealand,6.2,1.4643432420559401
2018-07-01,OMR,Oman,1.05,0.385
2018-07-01,PKR,Pakistan,375.0,121.49
2018-07-01,PEN,Peru,10.5,3.2715
2018-07-01,PHP,Philippines,140.0,53.486999999999995
2018-07-01,PLN,Poland,10.1,3.68695
2018-07-01,QAR,Qatar,12.0,3.641
2018-07-01,RON,Romania,9.2,3.97325
2018-07-01,RUB,Russia,130.0,62.14065
2018-07-01,SAR,Saudi Arabia,12.0,3.7504
2018-07-01,SGD,Singapore,5.8,1.35585
2018-07-01,SEK,Sweden,51.0,8.7526
2018-07-01,THB,Thailand,119.0,33.17
2018-07-01,TRY,Turkey,10.75,4.70625
2018-07-01,TWD,Taiwan,69.0,30.3725
2018-07-01,UAH,Ukraine,50.0,26.199
2018-07-01,UYU,Uruguay,140.0,31.31
2018-07-01,USD,United States,5.51,1.0
2018-07-01,VND,Vietnam,65000.0,23039.5
2018-07-01,ZAR,South Africa,31.0,13.3619
2019-01-01,AED,United Arab Emirates,14.0,3.67315
2019-01-01,ARS,Argentina,75.0,37.455
2019-01-01,AUD,Australia,6.1,1.4016399187048798
2019-01-01,AZN,Azerbaijan,3.95,1.6965
2019-01-01,BHD,Bahrain,1.2,0.377
2019-01-01,BRL,Brazil,16.9,3.71795
2019-01-01,CAD,Canada,6.77,1.3314
2019-01-01,CHF,Switzerland,6.5,0.98165
2019-01-01,CLP,Chile,2640.0,678.99
2019-01-01,CNY,China,20.9,6.8497
2019-01-01,COP,Colombia,11900.0,3191.5
2019-01-01,CRC,Costa Rica,2290.0,606.975
2019-01-01,CZK,Czech Republic,85.0,22.31165
2019-01-01,DKK,Denmark,30.0,6.51545
2019-01-01,EGP,Egypt,40.0,17.91
2019-01-01,EUR,Euro area,4.05,0.87248614928238
2019-01-01,GBP,Britain,3.19,0.783208020050125
2019-01-01,GTQ,Guatemala,25.0,7.7283
2019-01-01,HKD,Hong Kong,20.0,7.83435
2019-01-01,HNL,Honduras,85.0,24.3391
2019-01-01,HRK,Croatia,21.0,6.47885
2019-01-01,HUF,Hungary,850.0,280.26875
2019-01-01,IDR,Indonesia,33000.0,14090.0
2019-01-01,INR,India,178.0,69.685
2019-01-01,ILS,Israel,17.0,3.70785
2019-01-01,JOD,Jordan,1.95,0.7096
2019-01-01,JPY,Japan,390.0,108.44
2019-01-01,KRW,South Korea,4500.0,1118.6
2019-01-01,KWD,Kuwait,1.05,0.3031
2019-01-01,LBP,Lebanon,6500.0,1507.0
2019-01-01,LKR,Sri Lanka,580.0,182.245
2019-01-01,MDL,Moldova,40.0,17.262999999999998
2019-01-01,MXN,Mexico,49.0,19.30875
2019-01-01,MYR,Malaysia,9.05,4.1175
2019-01-01,NIO,Nicaragua,103.0,32.3607
2019-01-01,NOK,Norway,50.0,8.5329
2019-01-01,NZD,New Zealand,6.2,1.4792899408284
2019-01-01,OMR,Oman,1.05,0.3849
2019-01-01,PKR,Pakistan,460.0,138.88
2019-01-01,PEN,Peru,10.5,3.3485
2019-01-01,PHP,Philippines,140.0,52.3925
2019-01-01,PLN,Poland,10.5,3.74845
2019-01-01,QAR,Qatar,12.0,3.64125
2019-01-01,RON,Romania,9.3,4.06695
2019-01-01,RUB,Russia,110.17,66.685
2019-01-01,SAR,Saudi Arabia,12.0,3.75115
2019-01-01,SGD,Singapore,5.8,1.3559
2019-01-01,SEK,Sweden,52.0,8.90625
2019-01-01,THB,Thailand,119.0,32.0075
2019-01-01,TRY,Turkey,10.75,5.3834
2019-01-01,TWD,Taiwan,69.0,30.803
2019-01-01,UAH,Ukraine,54.0,27.8
2019-01-01,UYU,Uruguay,140.0,32.51
2019-01-01,USD,United States,5.58,1.0
2019-01-01,VND,Vietnam,65000.0,23199.0
2019-01-01,ZAR,South Africa,31.0,13.8675
2019-07-09,AED,United Arab Emirates,14.75,3.67315
2019-07-09,ARS,Argentina,120.0,41.8045
2019-07-09,AUD,Australia,6.15,1.4436263894904
2019-07-09,AZN,Azerbaijan,3.95,1.6965
2019-07-09,BHD,Bahrain,1.4,0.377
2019-07-09,BRL,Brazil,17.5,3.8073
2019-07-09,CAD,Canada,6.77,1.31305
2019-07-09,CHF,Switzerland,6.5,0.99355
2019-07-09,CLP,Chile,2640.0,689.75
2019-07-09,CNY,China,21.0,6.8846
2019-07-09,COP,Colombia,11900.0,3227.0
2019-07-09,CRC,Costa Rica,2290.0,581.935
2019-07-09,CZK,Czech Republic,85.0,22.7993
2019-07-09,DKK,Denmark,30.0,6.6593
2019-07-09,EGP,Egypt,42.0,16.615
2019-07-09,EUR,Euro area,4.08,0.892339267389462
2019-07-09,GBP,Britain,3.29,0.8021819348628271
2019-07-09,GTQ,Guatemala,25.0,7.6802
2019-07-09,HKD,Hong Kong,20.5,7.8105
2019-07-09,HNL,Honduras,86.0,24.4834
2019-07-09,HRK,Croatia,22.0,6.5981
2019-07-09,HUF,Hungary,900.0,290.5412
2019-07-09,IDR,Indonesia,32000.0,14130.0
2019-07-09,INR,India,183.0,68.5544
2019-07-09,ILS,Israel,17.0,3.5667
2019-07-09,JOD,Jordan,2.3,0.7090000000000001
2019-07-09,JPY,Japan,390.0,108.765
2019-07-09,KRW,South Korea,4500.0,1180.55
2019-07-09,KWD,Kuwait,1.1,0.3045
2019-07-09,LBP,Lebanon,6500.0,1507.0
2019-07-09,LKR,Sri Lanka,640.0,175.675
2019-07-09,MDL,Moldova,43.0,17.8142
2019-07-09,MXN,Mexico,50.0,18.89525
2019-07-09,MYR,Malaysia,8.85,4.1425
2019-07-09,NIO,Nicaragua,110.0,33.1621
2019-07-09,NOK,Norway,42.0,8.65275
2019-07-09,NZD,New Zealand,6.4,1.5134317063942502
2019-07-09,OMR,Oman,1.21,0.385
2019-07-09,PKR,Pakistan,480.0,157.45
2019-07-09,PEN,Peru,10.5,3.2868
2019-07-09,PHP,Philippines,142.0,51.3175
2019-07-09,PLN,Poland,10.8,3.80775
2019-07-09,QAR,Qatar,13.0,3.64175
2019-07-09,RON,Romania,9.3,4.2192
2019-07-09,RUB,Russia,130.0,63.83875
2019-07-09,SAR,Saudi Arabia,13.0,3.75035
2019-07-09,SGD,Singapore,5.8,1.3613
2019-07-09,SEK,Sweden,51.0,9.47505
2019-07-09,THB,Thailand,119.0,30.8275
2019-07-09,TRY,Turkey,13.99,5.722
2019-07-09,TWD,Taiwan,72.0,31.171999999999997
2019-07-09,UAH,Ukraine,57.0,25.6475
2019-07-09,UYU,Uruguay,164.0,35.1695
2019-07-09,USD,United States,5.74,1.0
2019-07-09,VND,Vietnam,65000.0,23231.0
2019-07-09,ZAR,South Africa,31.0,14.175
2020-01-14,AED,United Arab Emirates,14.75,3.67315
2020-01-14,ARS,Argentina,171.0,60.0656
2020-01-14,AUD,Australia,6.45,1.4490653528474098
2020-01-14,AZN,Azerbaijan,3.95,1.6965
2020-01-14,BHD,Bahrain,1.4,0.377
2020-01-14,BRL,Brazil,19.9,4.1419
2020-01-14,CAD,Canada,6.77,1.30655
2020-01-14,CHF,Switzerland,6.5,0.96825
2020-01-14,CLP,Chile,2640.0,772.74
2020-01-14,CNY,China,21.5,6.885
2020-01-14,COP,Colombia,11900.0,3287.625
2020-01-14,CRC,Costa Rica,2350.0,569.965
2020-01-14,CZK,Czech Republic,85.0,22.63095
2020-01-14,DKK,Denmark,30.0,6.71935
2020-01-14,EGP,Egypt,42.0,15.88
2020-01-14,EUR,Euro area,4.12,0.8991592860675269
2020-01-14,GBP,Britain,3.39,0.76866904954072
2020-01-14,GTQ,Guatemala,25.0,7.7063
2020-01-14,HKD,Hong Kong,20.5,7.77535
2020-01-14,HNL,Honduras,87.0,24.6548
2020-01-14,HRK,Croatia,22.0,6.6965
2020-01-14,HUF,Hungary,900.0,298.7502
2020-01-14,IDR,Indonesia,33000.0,13670.0
2020-01-14,INR,India,188.0,70.87815
2020-01-14,ILS,Israel,17.0,3.4595
2020-01-14,JOD,Jordan,2.3,0.7090000000000001
2020-01-14,JPY,Japan,390.0,110.04
2020-01-14,KRW,South Korea,4500.0,1156.1
2020-01-14,KWD,Kuwait,1.1,0.3034
2020-01-14,LBP,Lebanon,6500.0,1514.0
2020-01-14,LKR,Sri Lanka,580.0,181.45
2020-01-14,MDL,Moldova,45.0,17.42
2020-01-14,MXN,Mexico,50.0,18.8205
2020-01-14,MYR,Malaysia,9.5,4.0745
2020-01-14,NIO,Nicaragua,120.0,33.8763
2020-01-14,NOK,Norway,53.0,8.87515
2020-01-14,NZD,New Zealand,6.5,1.5135462388376
2020-01-14,OMR,Oman,1.155,0.38505
2020-01-14,PKR,Pakistan,520.0,154.875
2020-01-14,PEN,Peru,11.9,3.3276
2020-01-14,PHP,Philippines,142.0,50.58
2020-01-14,PLN,Poland,11.0,3.7966
2020-01-14,QAR,Qatar,13.0,3.641
2020-01-14,RON,Romania,9.5,4.2982
2020-01-14,RUB,Russia,135.0,61.4325
2020-01-14,SAR,Saudi Arabia,13.0,3.7518
2020-01-14,SGD,Singapore,5.9,1.34715
2020-01-14,SEK,Sweden,51.5,9.4591
2020-01-14,THB,Thailand,115.0,30.2775
2020-01-14,TRY,Turkey,12.99,5.88025
2020-01-14,TWD,Taiwan,72.0,29.8845
2020-01-14,UAH,Ukraine,57.0,23.99
2020-01-14,UYU,Uruguay,179.0,37.435
2020-01-14,USD,United States,5.67,1.0
2020-01-14,VND,Vietnam,66000.0,23176.0
2020-01-14,ZAR,South Africa,31.0,14.390999999999998
